{
    "train_parameters": [
        {
            "radar_altitude": [
                0,
                15
            ],
            "radar_polangle": [
                [
                    0.7853981633974483,
                    0
                ],
                [
                    0.5235987755982988,
                    0.2617993877991494
                ]
            ],
            "warhead_v": [
                0,
                7120.0,
                1000.0
            ],
            "warhead_r": [
                6771000.0,
                0,
                0
            ],
            "track_interval": [
                60,
                120
            ]
        },
        {
            "radar_altitude": [
                0,
                1000.0,
                0
            ],
            "radar_polangle": [
                [
                    0.5235987755982988,
                    0.5235987755982988
                ],
                [
                    0.3490658503988659,
                    0.07853981633974483
                ],
                [
                    0.6283185307179586,
                    0.06283185307179587
                ]
            ],
            "warhead_v": [
                0,
                6000.0,
                3000.0
            ],
            "warhead_r": [
                6771000.0,
                0,
                1000000.0
            ],
            "track_interval": [
                60,
                140
            ]
        },
        {
            "radar_altitude": [
                0,
                2000.0
            ],
            "radar_polangle": [
                [
                    0.2617993877991494,
                    0.2617993877991494
                ],
                [
                    0.3490658503988659,
                    -0.2617993877991494
                ]
            ],
            "warhead_v": [
                0,
                6000.0,
                5000.0
            ],
            "warhead_r": [
                6671000.0,
                0,
                -1000000.0
            ],
            "track_interval": [
                60,
                90
            ]
        },
        {
            "radar_altitude": [
                0,
                1500.0
            ],
            "radar_polangle": [
                [
                    0.2617993877991494,
                    0.2617993877991494
                ],
                [
                    0.3490658503988659,
                    0
                ]
            ],
            "warhead_v": [
                0,
                6000.0,
                -3000.0
            ],
            "warhead_r": [
                6971000.0,
                1000.0,
                2000000.0
            ],
            "track_interval": [
                60,
                90
            ]
        }
    ],
    "test_parameters": [
        {
            "radar_altitude": [
                0
            ],
            "radar_polangle": [
                [
                    0.6981317007977318,
                    0.5235987755982988
                ]
            ],
            "warhead_v": [
                0,
                3000.0,
                1000.0
            ],
            "warhead_r": [
                6771000.0,
                2000000.0,
                4000000.0
            ],
            "track_interval": [
                120,
                240
            ]
        },
        {
            "radar_altitude": [
                0
            ],
            "radar_polangle": [
                [
                    0.5235987755982988,
                    0.5235987755982988
                ]
            ],
            "warhead_v": [
                1000.0,
                3000.0,
                5000.0
            ],
            "warhead_r": [
                6571000.0,
                1000000.0,
                1000000.0
            ],
            "track_interval": [
                130,
                250
            ]
        }
    ]
}